0,count
SM,
35,hours
1,count
OM,
35,hours
1,count
SSCW,
35,hours
2,count
SSCW,
35,hours
3,count
SSCW,
35,hours
4,count
SSCW,
35,hours
5,count
SSCW,
35,hours
6,count
SSCW,
35,hours
1,count
SSCW(N),
35,hours
2,count
SSCW(N),
35,hours
3,count
SSCW(N),
35,hours
4,count
SSCW(N),
35,hours
1,count
SCW,
35,hours
2,count
SCW,
35,hours
3,count
SCW,
35,hours
4,count
SCW,
35,hours
5,count
SCW,
35,hours
6,count
SCW,
35,hours
7,count
SCW,
35,hours
8,count
SCW,
35,hours
1,count
SCW,
24,hours
2,count
SCW,
24,hours
3,count
SCW,
24,hours
4,count
SCW,
24,hours
5,count
SCW,
24,hours
6,count
SCW,
24,hours
7,count
SCW,
24,hours
8,count
SCW,
24,hours
1,count
SCW(N),
35,hours
2,count
SCW(N),
35,hours
3,count
SCW(N),
35,hours
4,count
SCW(N),
35,hours
1,count
SCW(N),
24,hours
2,count
SCW(N),
24,hours
3,count
SCW(N),
24,hours
4,count
SCW(N),
24,hours
5,count
SCW(N),
24,hours
6,count
SCW(N),
24,hours
7,count
SCW(N),
24,hours
,count
SCW(N),
,hours
1,count
SCA,
35,hours
2,count
SCA,
35,hours
3,count
SCA,
35,hours
4,count
SCA,
35,hours
5,count
SCA,
35,hours
6,count
SCA,
35,hours
7,count
SCA,
35,hours
8,count
SCA,
35,hours
9,count
SCA - BC,
35,hours
10,count
SCA - BC,
35,hours
,count
SCA - BC,
0,hours
11,count
SCA - TL,
35,hours
12,count
SCA - TL,
35,hours
13,count
SCA - TL,
35,hours
14,count
SCA - TL,
35,hours
15,count
SCA - TL,
35,hours
1,count
SCA,
24,hours
2,count
SCA,
24,hours
3,count
SCA,
24,hours
4,count
SCA,
24,hours
5,count
SCA,
24,hours
6,count
SCA,
24,hours
7,count
SCA,
24,hours
8,count
SCA,
24,hours
9,count
SCA,
24,hours
10,count
SCA,
24,hours
11,count
SCA,
24,hours
14,count
SCA,
24,hours
,count
SCA,
24,hours
14,count
SCA,
24,hours
1,count
SCA(N),
35,hours
2,count
SCA(N),
35,hours
3,count
SCA(N),
35,hours
4,count
SCA(N),
35,hours
5,count
SCA(N),
35,hours
6,count
SCA(N),
35,hours
7,count
SCA(N),
35,hours
8,count
SCA(N),
35,hours
9,count
SCA(N),
35,hours
1,count
SCA(N),
24,hours
2,count
SCA(N),
24,hours
3,count
SCA(N),
24,hours
4,count
SCA(N),
24,hours
5,count
SCA(N),
24,hours
6,count
SCA(N),
24,hours
7,count
SCA(N),
24,hours
8,count
SCA(N),
24,hours
9,count
SCA(N),
24,hours
10,count
SCA(N),
24,hours
11,count
SCA(N),
24,hours
12,count
SCA(N),
24,hours
13,count
SCA(N),
24,hours
14,count
SCA(N),
24,hours
15,count
SCA(N),
24,hours
16,count
SCA(N),
24,hours
17,count
SCA(N),
24,hours
18,count
SCA(N),
24,hours
19,count
SCA(N),
24,hours
1,count
Act Co-ord,
35,hours
1,count
Sec Attend,
20,hours
2,count
Sec Attend,
20,hours
3,count
Sec Attend,
20,hours
1,count
SCA,
35,hours
2,count
SCA,
35,hours
3,count
SCA,
35,hours
1,count
SCA(N),
35,hours
2,count
SCA(N),
35,hours
,
,
,
,
,
,
,
,